run_id,seed,repeat_id,dataset_key,dataset_hf_id,hf_model_name,n_labels,f1_avg,dataset,eval_size,model,tool,test_id,n_eval,n_ok,fail_rate,changed_rate,avg_similarity,invariance_rate,acc,f1,acc_clean,f1_clean,drop_acc,drop_f1,time_sec,peak_rss_mb,attack_success_rate,notes
2026-01-09_18-58,42,1,sst2,glue/sst2,,2,binary,glue/sst2,400,sk_tfidf_lr,clean,clean,400,400,0.0,0.0,1.0,1.0,0.81,0.8207547169811321,0.81,0.8207547169811321,0.0,0.0,0.03092050552368164,0.26953125,,peak_delta_mb
2026-01-09_18-58,42,1,sst2,glue/sst2,distilbert-base-uncased-finetuned-sst-2-english,2,binary,glue/sst2,400,hf_distilbert,clean,clean,400,400,0.0,0.0,1.0,1.0,0.915,0.9182692307692307,0.915,0.9182692307692307,0.0,0.0,1.409402847290039,254.61328125,,batch_size=32; max_length=256; peak_delta_mb
2026-01-09_18-58,43,2,sst2,glue/sst2,,2,binary,glue/sst2,400,sk_tfidf_lr,clean,clean,400,400,0.0,0.0,1.0,1.0,0.7925,0.801909307875895,0.7925,0.801909307875895,0.0,0.0,0.021479368209838867,0.265625,,peak_delta_mb
2026-01-09_18-58,43,2,sst2,glue/sst2,distilbert-base-uncased-finetuned-sst-2-english,2,binary,glue/sst2,400,hf_distilbert,clean,clean,400,400,0.0,0.0,1.0,1.0,0.89,0.8926829268292683,0.89,0.8926829268292683,0.0,0.0,0.5076158046722412,0.02734375,,batch_size=32; max_length=256; peak_delta_mb
2026-01-09_18-58,44,3,sst2,glue/sst2,,2,binary,glue/sst2,400,sk_tfidf_lr,clean,clean,400,400,0.0,0.0,1.0,1.0,0.79,0.7980769230769231,0.79,0.7980769230769231,0.0,0.0,0.020946502685546875,0.25390625,,peak_delta_mb
2026-01-09_18-58,44,3,sst2,glue/sst2,distilbert-base-uncased-finetuned-sst-2-english,2,binary,glue/sst2,400,hf_distilbert,clean,clean,400,400,0.0,0.0,1.0,1.0,0.91,0.9104477611940298,0.91,0.9104477611940298,0.0,0.0,0.4977993965148926,0.0,,batch_size=32; max_length=256; peak_delta_mb
2026-01-09_18-58,45,4,sst2,glue/sst2,,2,binary,glue/sst2,400,sk_tfidf_lr,clean,clean,400,400,0.0,0.0,1.0,1.0,0.815,0.8246445497630331,0.815,0.8246445497630331,0.0,0.0,0.02106475830078125,0.01171875,,peak_delta_mb
2026-01-09_18-58,45,4,sst2,glue/sst2,distilbert-base-uncased-finetuned-sst-2-english,2,binary,glue/sst2,400,hf_distilbert,clean,clean,400,400,0.0,0.0,1.0,1.0,0.905,0.9090909090909091,0.905,0.9090909090909091,0.0,0.0,0.49362683296203613,0.078125,,batch_size=32; max_length=256; peak_delta_mb
2026-01-09_18-58,46,5,sst2,glue/sst2,,2,binary,glue/sst2,400,sk_tfidf_lr,clean,clean,400,400,0.0,0.0,1.0,1.0,0.81,0.8146341463414634,0.81,0.8146341463414634,0.0,0.0,0.021237611770629883,0.0,,peak_delta_mb
2026-01-09_18-58,46,5,sst2,glue/sst2,distilbert-base-uncased-finetuned-sst-2-english,2,binary,glue/sst2,400,hf_distilbert,clean,clean,400,400,0.0,0.0,1.0,1.0,0.905,0.905940594059406,0.905,0.905940594059406,0.0,0.0,0.5126340389251709,0.0,,batch_size=32; max_length=256; peak_delta_mb
2026-01-09_18-58,42,1,sst2,glue/sst2,,2,binary,glue/sst2,400,sk_tfidf_lr,augly,augly_insert_punct,400,400,0.0,1.0,0.3134384042183925,0.55,0.51,0.6754966887417219,0.81,0.8207547169811321,0.30000000000000004,0.14525802823941025,0.035375,0.008,,peak_delta_mb; gen+sk_time; n_ok=400
2026-01-09_18-58,42,1,sst2,glue/sst2,distilbert-base-uncased-finetuned-sst-2-english,2,binary,glue/sst2,400,hf_distilbert,augly,augly_insert_punct,400,400,0.0,1.0,0.3134384042183925,0.47,0.49,0.02857142857142857,0.915,0.9182692307692307,0.42500000000000004,0.8896978021978021,2.667342,1.574,,peak_delta_mb; gen+hf_time; batch_size=32; max_length=256
2026-01-09_18-58,43,2,sst2,glue/sst2,,2,binary,glue/sst2,400,sk_tfidf_lr,augly,augly_insert_punct,400,400,0.0,1.0,0.3156590731636325,0.55,0.4975,0.664440734557596,0.7925,0.801909307875895,0.295,0.13746857331829898,0.026382,0.004,,peak_delta_mb; gen+sk_time; n_ok=400
2026-01-09_18-58,43,2,sst2,glue/sst2,distilbert-base-uncased-finetuned-sst-2-english,2,binary,glue/sst2,400,hf_distilbert,augly,augly_insert_punct,400,400,0.0,1.0,0.3156590731636325,0.48,0.505,0.019801980198019802,0.89,0.8926829268292683,0.385,0.8728809466312485,3.104385,0.164,,peak_delta_mb; gen+hf_time; batch_size=32; max_length=256
2026-01-09_18-58,44,3,sst2,glue/sst2,,2,binary,glue/sst2,400,sk_tfidf_lr,augly,augly_insert_punct,400,400,0.0,1.0,0.29966602688905153,0.5425,0.4975,0.664440734557596,0.79,0.7980769230769231,0.29250000000000004,0.13363618851932713,0.100146,0.0,,peak_delta_mb; gen+sk_time; n_ok=400
2026-01-09_18-58,44,3,sst2,glue/sst2,distilbert-base-uncased-finetuned-sst-2-english,2,binary,glue/sst2,400,hf_distilbert,augly,augly_insert_punct,400,400,0.0,1.0,0.29966602688905153,0.4925,0.5025,0.009950248756218905,0.91,0.9104477611940298,0.4075000000000001,0.900497512437811,2.831651,0.023,,peak_delta_mb; gen+hf_time; batch_size=32; max_length=256
2026-01-09_18-58,45,4,sst2,glue/sst2,,2,binary,glue/sst2,400,sk_tfidf_lr,augly,augly_insert_punct,400,400,0.0,1.0,0.3101418575268909,0.5475,0.5075,0.6733001658374793,0.815,0.8246445497630331,0.3075,0.15134438392555383,0.025786,0.0,,peak_delta_mb; gen+sk_time; n_ok=400
2026-01-09_18-58,45,4,sst2,glue/sst2,distilbert-base-uncased-finetuned-sst-2-english,2,binary,glue/sst2,400,hf_distilbert,augly,augly_insert_punct,400,400,0.0,1.0,0.3101418575268909,0.4625,0.4925,0.00975609756097561,0.905,0.9090909090909091,0.41250000000000003,0.8993348115299334,2.776226,0.02,,peak_delta_mb; gen+hf_time; batch_size=32; max_length=256
2026-01-09_18-58,46,5,sst2,glue/sst2,,2,binary,glue/sst2,400,sk_tfidf_lr,augly,augly_insert_punct,400,400,0.0,1.0,0.31530210642865064,0.535,0.49,0.6577181208053692,0.81,0.8146341463414634,0.32000000000000006,0.15691602553609418,0.033967,0.0,,peak_delta_mb; gen+sk_time; n_ok=400
2026-01-09_18-58,46,5,sst2,glue/sst2,distilbert-base-uncased-finetuned-sst-2-english,2,binary,glue/sst2,400,hf_distilbert,augly,augly_insert_punct,400,400,0.0,1.0,0.31530210642865064,0.4825,0.5075,0.010050251256281407,0.905,0.905940594059406,0.3975000000000001,0.8958903428031245,3.237314,0.234,,peak_delta_mb; gen+hf_time; batch_size=32; max_length=256
2026-01-09_18-58,42,1,sst2,glue/sst2,,2,binary,glue/sst2,400,sk_tfidf_lr,augly,augly_insert_zwsp,400,400,0.0,1.0,0.36563643113044964,0.55,0.51,0.6754966887417219,0.81,0.8207547169811321,0.30000000000000004,0.14525802823941025,0.104692,0.0,,peak_delta_mb; gen+sk_time; n_ok=400
2026-01-09_18-58,42,1,sst2,glue/sst2,distilbert-base-uncased-finetuned-sst-2-english,2,binary,glue/sst2,400,hf_distilbert,augly,augly_insert_zwsp,400,400,0.0,1.0,0.36563643113044964,1.0,0.915,0.9182692307692307,0.915,0.9182692307692307,0.0,0.0,0.787762,0.0,,peak_delta_mb; gen+hf_time; batch_size=32; max_length=256
2026-01-09_18-58,43,2,sst2,glue/sst2,,2,binary,glue/sst2,400,sk_tfidf_lr,augly,augly_insert_zwsp,400,400,0.0,1.0,0.38917248328072857,0.55,0.4975,0.664440734557596,0.7925,0.801909307875895,0.295,0.13746857331829898,0.028332,0.0,,peak_delta_mb; gen+sk_time; n_ok=400
2026-01-09_18-58,43,2,sst2,glue/sst2,distilbert-base-uncased-finetuned-sst-2-english,2,binary,glue/sst2,400,hf_distilbert,augly,augly_insert_zwsp,400,400,0.0,1.0,0.38917248328072857,1.0,0.89,0.8926829268292683,0.89,0.8926829268292683,0.0,0.0,0.591693,0.0,,peak_delta_mb; gen+hf_time; batch_size=32; max_length=256
2026-01-09_18-58,44,3,sst2,glue/sst2,,2,binary,glue/sst2,400,sk_tfidf_lr,augly,augly_insert_zwsp,400,400,0.0,1.0,0.37177177640756864,0.5425,0.4975,0.664440734557596,0.79,0.7980769230769231,0.29250000000000004,0.13363618851932713,0.0691,0.0,,peak_delta_mb; gen+sk_time; n_ok=400
2026-01-09_18-58,44,3,sst2,glue/sst2,distilbert-base-uncased-finetuned-sst-2-english,2,binary,glue/sst2,400,hf_distilbert,augly,augly_insert_zwsp,400,400,0.0,1.0,0.37177177640756864,1.0,0.91,0.9104477611940298,0.91,0.9104477611940298,0.0,0.0,0.535845,0.0,,peak_delta_mb; gen+hf_time; batch_size=32; max_length=256
2026-01-09_18-58,45,4,sst2,glue/sst2,,2,binary,glue/sst2,400,sk_tfidf_lr,augly,augly_insert_zwsp,400,400,0.0,1.0,0.38563657098635606,0.5475,0.5075,0.6733001658374793,0.815,0.8246445497630331,0.3075,0.15134438392555383,0.016958,0.0,,peak_delta_mb; gen+sk_time; n_ok=400
2026-01-09_18-58,45,4,sst2,glue/sst2,distilbert-base-uncased-finetuned-sst-2-english,2,binary,glue/sst2,400,hf_distilbert,augly,augly_insert_zwsp,400,400,0.0,1.0,0.38563657098635606,1.0,0.905,0.9090909090909091,0.905,0.9090909090909091,0.0,0.0,0.497025,0.0,,peak_delta_mb; gen+hf_time; batch_size=32; max_length=256
2026-01-09_18-58,46,5,sst2,glue/sst2,,2,binary,glue/sst2,400,sk_tfidf_lr,augly,augly_insert_zwsp,400,400,0.0,1.0,0.38970006154410164,0.535,0.49,0.6577181208053692,0.81,0.8146341463414634,0.32000000000000006,0.15691602553609418,0.017425,0.0,,peak_delta_mb; gen+sk_time; n_ok=400
2026-01-09_18-58,46,5,sst2,glue/sst2,distilbert-base-uncased-finetuned-sst-2-english,2,binary,glue/sst2,400,hf_distilbert,augly,augly_insert_zwsp,400,400,0.0,1.0,0.38970006154410164,1.0,0.905,0.905940594059406,0.905,0.905940594059406,0.0,0.0,0.509851,0.0,,peak_delta_mb; gen+hf_time; batch_size=32; max_length=256
2026-01-09_18-58,42,1,sst2,glue/sst2,,2,binary,glue/sst2,400,sk_tfidf_lr,augly,augly_unicode,400,400,0.0,1.0,0.8407198957428673,0.8425,0.7725,0.7838479809976246,0.81,0.8207547169811321,0.03750000000000009,0.036906735983507466,0.143358,0.066,,peak_delta_mb; gen+sk_time; n_ok=400
2026-01-09_18-58,42,1,sst2,glue/sst2,distilbert-base-uncased-finetuned-sst-2-english,2,binary,glue/sst2,400,hf_distilbert,augly,augly_unicode,400,400,0.0,1.0,0.8407198957428673,0.8025,0.8075,0.7855153203342619,0.915,0.9182692307692307,0.10750000000000004,0.13275391043496887,0.653552,0.066,,peak_delta_mb; gen+hf_time; batch_size=32; max_length=256
2026-01-09_18-58,43,2,sst2,glue/sst2,,2,binary,glue/sst2,400,sk_tfidf_lr,augly,augly_unicode,400,400,0.0,1.0,0.8371913882627368,0.8475,0.725,0.7393364928909952,0.7925,0.801909307875895,0.0675,0.06257281498489975,0.120294,0.0,,peak_delta_mb; gen+sk_time; n_ok=400
2026-01-09_18-58,43,2,sst2,glue/sst2,distilbert-base-uncased-finetuned-sst-2-english,2,binary,glue/sst2,400,hf_distilbert,augly,augly_unicode,400,400,0.0,1.0,0.8371913882627368,0.8,0.81,0.7923497267759563,0.89,0.8926829268292683,0.07999999999999996,0.10033320005331203,0.601053,0.0,,peak_delta_mb; gen+hf_time; batch_size=32; max_length=256
2026-01-09_18-58,44,3,sst2,glue/sst2,,2,binary,glue/sst2,400,sk_tfidf_lr,augly,augly_unicode,400,400,0.0,1.0,0.8350397044562432,0.8275,0.7225,0.7400468384074942,0.79,0.7980769230769231,0.0675,0.05803008466942894,0.120137,0.0,,peak_delta_mb; gen+sk_time; n_ok=400
2026-01-09_18-58,44,3,sst2,glue/sst2,distilbert-base-uncased-finetuned-sst-2-english,2,binary,glue/sst2,400,hf_distilbert,augly,augly_unicode,400,400,0.0,1.0,0.8350397044562432,0.8175,0.8125,0.7910863509749304,0.91,0.9104477611940298,0.09750000000000003,0.1193614102190994,0.625689,0.0,,peak_delta_mb; gen+hf_time; batch_size=32; max_length=256
2026-01-09_18-58,45,4,sst2,glue/sst2,,2,binary,glue/sst2,400,sk_tfidf_lr,augly,augly_unicode,400,400,0.0,1.0,0.8372572024305243,0.82,0.735,0.7612612612612613,0.815,0.8246445497630331,0.07999999999999996,0.06338328850177188,0.11875,0.0,,peak_delta_mb; gen+sk_time; n_ok=400
2026-01-09_18-58,45,4,sst2,glue/sst2,distilbert-base-uncased-finetuned-sst-2-english,2,binary,glue/sst2,400,hf_distilbert,augly,augly_unicode,400,400,0.0,1.0,0.8372572024305243,0.835,0.83,0.8172043010752689,0.905,0.9090909090909091,0.07500000000000007,0.09188660801564019,0.623247,0.0,,peak_delta_mb; gen+hf_time; batch_size=32; max_length=256
2026-01-09_18-58,46,5,sst2,glue/sst2,,2,binary,glue/sst2,400,sk_tfidf_lr,augly,augly_unicode,400,400,0.0,1.0,0.8404041242018653,0.8475,0.7775,0.7855421686746988,0.81,0.8146341463414634,0.032500000000000084,0.029091977666764524,0.137949,0.0,,peak_delta_mb; gen+sk_time; n_ok=400
2026-01-09_18-58,46,5,sst2,glue/sst2,distilbert-base-uncased-finetuned-sst-2-english,2,binary,glue/sst2,400,hf_distilbert,augly,augly_unicode,400,400,0.0,1.0,0.8404041242018653,0.8375,0.8175,0.7955182072829131,0.905,0.905940594059406,0.08750000000000002,0.11042238677649285,0.659515,0.0,,peak_delta_mb; gen+hf_time; batch_size=32; max_length=256
2026-01-09_18-58,42,1,sst2,glue/sst2,,2,binary,glue/sst2,400,sk_tfidf_lr,augly,augly_insert_whitespace,400,400,0.0,1.0,0.35860089984966065,0.55,0.51,0.6754966887417219,0.81,0.8207547169811321,0.30000000000000004,0.14525802823941025,0.026848,0.0,,peak_delta_mb; gen+sk_time; n_ok=400
2026-01-09_18-58,42,1,sst2,glue/sst2,distilbert-base-uncased-finetuned-sst-2-english,2,binary,glue/sst2,400,hf_distilbert,augly,augly_insert_whitespace,400,400,0.0,1.0,0.35860089984966065,0.675,0.64,0.6727272727272727,0.915,0.9182692307692307,0.275,0.245541958041958,1.652922,0.055,,peak_delta_mb; gen+hf_time; batch_size=32; max_length=256
2026-01-09_18-58,43,2,sst2,glue/sst2,,2,binary,glue/sst2,400,sk_tfidf_lr,augly,augly_insert_whitespace,400,400,0.0,1.0,0.3799095229968487,0.55,0.4975,0.664440734557596,0.7925,0.801909307875895,0.295,0.13746857331829898,0.02488,0.0,,peak_delta_mb; gen+sk_time; n_ok=400
2026-01-09_18-58,43,2,sst2,glue/sst2,distilbert-base-uncased-finetuned-sst-2-english,2,binary,glue/sst2,400,hf_distilbert,augly,augly_insert_whitespace,400,400,0.0,1.0,0.3799095229968487,0.705,0.65,0.6902654867256637,0.89,0.8926829268292683,0.24,0.20241744010360463,1.747081,0.055,,peak_delta_mb; gen+hf_time; batch_size=32; max_length=256
2026-01-09_18-58,44,3,sst2,glue/sst2,,2,binary,glue/sst2,400,sk_tfidf_lr,augly,augly_insert_whitespace,400,400,0.0,1.0,0.3591157556220903,0.5425,0.4975,0.664440734557596,0.79,0.7980769230769231,0.29250000000000004,0.13363618851932713,0.013571,0.0,,peak_delta_mb; gen+sk_time; n_ok=400
2026-01-09_18-58,44,3,sst2,glue/sst2,distilbert-base-uncased-finetuned-sst-2-english,2,binary,glue/sst2,400,hf_distilbert,augly,augly_insert_whitespace,400,400,0.0,1.0,0.3591157556220903,0.6825,0.6525,0.6713947990543735,0.91,0.9104477611940298,0.25750000000000006,0.23905296213965632,1.644598,0.0,,peak_delta_mb; gen+hf_time; batch_size=32; max_length=256
2026-01-09_18-58,45,4,sst2,glue/sst2,,2,binary,glue/sst2,400,sk_tfidf_lr,augly,augly_insert_whitespace,400,400,0.0,1.0,0.3733530593056667,0.5475,0.5075,0.6733001658374793,0.815,0.8246445497630331,0.3075,0.15134438392555383,0.015049,0.0,,peak_delta_mb; gen+sk_time; n_ok=400
2026-01-09_18-58,45,4,sst2,glue/sst2,distilbert-base-uncased-finetuned-sst-2-english,2,binary,glue/sst2,400,hf_distilbert,augly,augly_insert_whitespace,400,400,0.0,1.0,0.3733530593056667,0.7,0.665,0.7035398230088495,0.905,0.9090909090909091,0.24,0.20555108608205952,1.647533,0.0,,peak_delta_mb; gen+hf_time; batch_size=32; max_length=256
2026-01-09_18-58,46,5,sst2,glue/sst2,,2,binary,glue/sst2,400,sk_tfidf_lr,augly,augly_insert_whitespace,400,400,0.0,1.0,0.38116501213737686,0.535,0.49,0.6577181208053692,0.81,0.8146341463414634,0.32000000000000006,0.15691602553609418,0.013555,0.0,,peak_delta_mb; gen+sk_time; n_ok=400
2026-01-09_18-58,46,5,sst2,glue/sst2,distilbert-base-uncased-finetuned-sst-2-english,2,binary,glue/sst2,400,hf_distilbert,augly,augly_insert_whitespace,400,400,0.0,1.0,0.38116501213737686,0.7125,0.6725,0.6974595842956121,0.905,0.905940594059406,0.23250000000000004,0.2084810097637939,1.626903,0.0,,peak_delta_mb; gen+hf_time; batch_size=32; max_length=256
2026-01-09_18-58,42,1,sst2,glue/sst2,,2,binary,glue/sst2,400,sk_tfidf_lr,checklist,checklist_typos,400,400,0.0,0.985,0.9870467010306635,0.9475,0.8125,0.8243559718969555,0.81,0.8207547169811321,-0.0024999999999999467,-0.0036012549158234153,0.018969,0.0,,peak_delta_mb; gen+sk_time; n_ok=400
2026-01-09_18-58,42,1,sst2,glue/sst2,distilbert-base-uncased-finetuned-sst-2-english,2,binary,glue/sst2,400,hf_distilbert,checklist,checklist_typos,400,400,0.0,0.985,0.9870467010306635,0.945,0.895,0.8970588235294118,0.915,0.9182692307692307,0.020000000000000018,0.02121040723981893,0.502832,0.0,,peak_delta_mb; gen+hf_time; batch_size=32; max_length=256
2026-01-09_18-58,43,2,sst2,glue/sst2,,2,binary,glue/sst2,400,sk_tfidf_lr,checklist,checklist_typos,400,400,0.0,0.99,0.9873874632320782,0.94,0.7675,0.774818401937046,0.7925,0.801909307875895,0.025000000000000022,0.027090905938848997,0.022967,0.0,,peak_delta_mb; gen+sk_time; n_ok=400
2026-01-09_18-58,43,2,sst2,glue/sst2,distilbert-base-uncased-finetuned-sst-2-english,2,binary,glue/sst2,400,hf_distilbert,checklist,checklist_typos,400,400,0.0,0.99,0.9873874632320782,0.9375,0.8675,0.8651399491094147,0.89,0.8926829268292683,0.022499999999999964,0.02754297771985359,0.511187,0.0,,peak_delta_mb; gen+hf_time; batch_size=32; max_length=256
2026-01-09_18-58,44,3,sst2,glue/sst2,,2,binary,glue/sst2,400,sk_tfidf_lr,checklist,checklist_typos,400,400,0.0,0.96,0.987453127392386,0.9525,0.7725,0.7838479809976246,0.79,0.7980769230769231,0.01750000000000007,0.014228942079298479,0.020247,0.0,,peak_delta_mb; gen+sk_time; n_ok=400
2026-01-09_18-58,44,3,sst2,glue/sst2,distilbert-base-uncased-finetuned-sst-2-english,2,binary,glue/sst2,400,hf_distilbert,checklist,checklist_typos,400,400,0.0,0.96,0.987453127392386,0.965,0.9,0.900990099009901,0.91,0.9104477611940298,0.010000000000000009,0.009457662184128801,0.514941,0.0,,peak_delta_mb; gen+hf_time; batch_size=32; max_length=256
2026-01-09_18-58,45,4,sst2,glue/sst2,,2,binary,glue/sst2,400,sk_tfidf_lr,checklist,checklist_typos,400,400,0.0,0.975,0.9875170011389932,0.945,0.785,0.7981220657276995,0.815,0.8246445497630331,0.029999999999999916,0.026522484035333638,0.030203,0.0,,peak_delta_mb; gen+sk_time; n_ok=400
2026-01-09_18-58,45,4,sst2,glue/sst2,distilbert-base-uncased-finetuned-sst-2-english,2,binary,glue/sst2,400,hf_distilbert,checklist,checklist_typos,400,400,0.0,0.975,0.9875170011389932,0.945,0.89,0.8921568627450981,0.905,0.9090909090909091,0.015000000000000013,0.01693404634581097,0.517791,0.0,,peak_delta_mb; gen+hf_time; batch_size=32; max_length=256
2026-01-09_18-58,46,5,sst2,glue/sst2,,2,binary,glue/sst2,400,sk_tfidf_lr,checklist,checklist_typos,400,400,0.0,0.9675,0.9878244821103896,0.9475,0.8025,0.8077858880778589,0.81,0.8146341463414634,0.007500000000000062,0.0068482582636044675,0.032366,0.0,,peak_delta_mb; gen+sk_time; n_ok=400
2026-01-09_18-58,46,5,sst2,glue/sst2,distilbert-base-uncased-finetuned-sst-2-english,2,binary,glue/sst2,400,hf_distilbert,checklist,checklist_typos,400,400,0.0,0.9675,0.9878244821103896,0.96,0.885,0.8844221105527639,0.905,0.905940594059406,0.020000000000000018,0.021518483506642094,0.543406,0.0,,peak_delta_mb; gen+hf_time; batch_size=32; max_length=256
2026-01-09_18-58,42,1,sst2,glue/sst2,,2,binary,glue/sst2,400,sk_tfidf_lr,textattack,textattack_textfooler,40,31,0.225,0.9032258064516129,0.8916971618551007,,0.0967741935483871,0.06666666666666667,1.0,1.0,0.9032258064516129,0.9333333333333333,90.219009,842.062,0.9032258064516129,peak_delta_mb; N_ATTACK=40; query_budget=200; skipped=9; failed=3; success=28
2026-01-09_18-58,42,1,sst2,glue/sst2,distilbert-base-uncased-finetuned-sst-2-english,2,binary,glue/sst2,400,hf_distilbert,textattack,textattack_textfooler,10,8,0.2,0.875,0.9348651934680845,,0.125,0.2222222222222222,1.0,1.0,0.875,0.7777777777777778,13.285141,367.812,0.875,peak_delta_mb; N_ATTACK=10; query_budget=200; skipped=2; failed=1; success=7; batch_size=32; max_length=256
2026-01-09_18-58,43,2,sst2,glue/sst2,,2,binary,glue/sst2,400,sk_tfidf_lr,textattack,textattack_textfooler,40,33,0.175,0.8787878787878788,0.8508921303763223,,0.12121212121212122,0.06451612903225806,1.0,1.0,0.8787878787878788,0.935483870967742,67.376507,0.465,0.8787878787878788,peak_delta_mb; N_ATTACK=40; query_budget=200; skipped=7; failed=4; success=29
2026-01-09_18-58,43,2,sst2,glue/sst2,distilbert-base-uncased-finetuned-sst-2-english,2,binary,glue/sst2,400,hf_distilbert,textattack,textattack_textfooler,10,8,0.2,1.0,0.8666143931588233,,0.0,0.0,1.0,1.0,1.0,1.0,7.919126,0.008,1.0,peak_delta_mb; N_ATTACK=10; query_budget=200; skipped=2; failed=0; success=8; batch_size=32; max_length=256
2026-01-09_18-58,44,3,sst2,glue/sst2,,2,binary,glue/sst2,400,sk_tfidf_lr,textattack,textattack_textfooler,40,31,0.225,0.8709677419354839,0.8802283866477681,,0.12903225806451613,0.06896551724137931,1.0,1.0,0.8709677419354839,0.9310344827586207,68.638802,0.148,0.8709677419354839,peak_delta_mb; N_ATTACK=40; query_budget=200; skipped=9; failed=4; success=27
2026-01-09_18-58,44,3,sst2,glue/sst2,distilbert-base-uncased-finetuned-sst-2-english,2,binary,glue/sst2,400,hf_distilbert,textattack,textattack_textfooler,10,10,0.0,0.9,0.8466664791167189,,0.1,0.18181818181818182,1.0,1.0,0.9,0.8181818181818181,16.342912,0.004,0.9,peak_delta_mb; N_ATTACK=10; query_budget=200; skipped=0; failed=1; success=9; batch_size=32; max_length=256
2026-01-09_18-58,45,4,sst2,glue/sst2,,2,binary,glue/sst2,400,sk_tfidf_lr,textattack,textattack_textfooler,40,32,0.2,0.9375,0.8591353328506799,,0.0625,0.11764705882352941,1.0,1.0,0.9375,0.8823529411764706,64.394122,0.027,0.9375,peak_delta_mb; N_ATTACK=40; query_budget=200; skipped=8; failed=2; success=30
2026-01-09_18-58,45,4,sst2,glue/sst2,distilbert-base-uncased-finetuned-sst-2-english,2,binary,glue/sst2,400,hf_distilbert,textattack,textattack_textfooler,10,10,0.0,1.0,0.8808498745526652,,0.0,0.0,1.0,1.0,1.0,1.0,13.354044,0.0,1.0,peak_delta_mb; N_ATTACK=10; query_budget=200; skipped=0; failed=0; success=10; batch_size=32; max_length=256
2026-01-09_18-58,46,5,sst2,glue/sst2,,2,binary,glue/sst2,400,sk_tfidf_lr,textattack,textattack_textfooler,40,35,0.125,0.8571428571428571,0.8834654154699662,,0.14285714285714285,0.11764705882352941,1.0,1.0,0.8571428571428572,0.8823529411764706,68.55085,0.031,0.8571428571428571,peak_delta_mb; N_ATTACK=40; query_budget=200; skipped=5; failed=5; success=30
2026-01-09_18-58,46,5,sst2,glue/sst2,distilbert-base-uncased-finetuned-sst-2-english,2,binary,glue/sst2,400,hf_distilbert,textattack,textattack_textfooler,10,9,0.1,0.8888888888888888,0.9284224501775067,,0.1111111111111111,0.0,1.0,1.0,0.8888888888888888,1.0,11.921904,0.0,0.8888888888888888,peak_delta_mb; N_ATTACK=10; query_budget=200; skipped=1; failed=1; success=8; batch_size=32; max_length=256
2026-01-09_18-58,42,1,imdb,imdb,,1,binary,imdb,400,sk_tfidf_lr,clean,clean,400,400,0.0,0.0,1.0,1.0,0.8975,0.9035294117647059,0.8975,0.9035294117647059,0.0,0.0,0.13009953498840332,0.00390625,,peak_delta_mb
2026-01-09_18-58,42,1,imdb,imdb,lvwerra/distilbert-imdb,1,binary,imdb,400,hf_distilbert,clean,clean,400,400,0.0,0.0,1.0,1.0,0.9075,0.910411622276029,0.9075,0.910411622276029,0.0,0.0,3.270232915878296,66.9921875,,batch_size=32; max_length=256; peak_delta_mb
2026-01-09_18-58,43,2,imdb,imdb,,1,binary,imdb,400,sk_tfidf_lr,clean,clean,400,400,0.0,0.0,1.0,1.0,0.8925,0.8883116883116883,0.8925,0.8883116883116883,0.0,0.0,0.12295150756835938,0.0,,peak_delta_mb
2026-01-09_18-58,43,2,imdb,imdb,lvwerra/distilbert-imdb,1,binary,imdb,400,hf_distilbert,clean,clean,400,400,0.0,0.0,1.0,1.0,0.9175,0.9133858267716536,0.9175,0.9133858267716536,0.0,0.0,2.996582269668579,0.12109375,,batch_size=32; max_length=256; peak_delta_mb
2026-01-09_18-58,44,3,imdb,imdb,,1,binary,imdb,400,sk_tfidf_lr,clean,clean,400,400,0.0,0.0,1.0,1.0,0.87,0.8645833333333334,0.87,0.8645833333333334,0.0,0.0,0.12549495697021484,0.0,,peak_delta_mb
2026-01-09_18-58,44,3,imdb,imdb,lvwerra/distilbert-imdb,1,binary,imdb,400,hf_distilbert,clean,clean,400,400,0.0,0.0,1.0,1.0,0.9125,0.9071618037135278,0.9125,0.9071618037135278,0.0,0.0,3.146160840988159,0.0,,batch_size=32; max_length=256; peak_delta_mb
2026-01-09_18-58,45,4,imdb,imdb,,1,binary,imdb,400,sk_tfidf_lr,clean,clean,400,400,0.0,0.0,1.0,1.0,0.8825,0.8810126582278481,0.8825,0.8810126582278481,0.0,0.0,0.21858716011047363,0.0,,peak_delta_mb
2026-01-09_18-58,45,4,imdb,imdb,lvwerra/distilbert-imdb,1,binary,imdb,400,hf_distilbert,clean,clean,400,400,0.0,0.0,1.0,1.0,0.9025,0.8981723237597912,0.9025,0.8981723237597912,0.0,0.0,3.053689956665039,0.0,,batch_size=32; max_length=256; peak_delta_mb
2026-01-09_18-58,46,5,imdb,imdb,,1,binary,imdb,400,sk_tfidf_lr,clean,clean,400,400,0.0,0.0,1.0,1.0,0.895,0.896551724137931,0.895,0.896551724137931,0.0,0.0,0.12749433517456055,0.0,,peak_delta_mb
2026-01-09_18-58,46,5,imdb,imdb,lvwerra/distilbert-imdb,1,binary,imdb,400,hf_distilbert,clean,clean,400,400,0.0,0.0,1.0,1.0,0.8775,0.8765743073047859,0.8775,0.8765743073047859,0.0,0.0,3.021850347518921,0.03125,,batch_size=32; max_length=256; peak_delta_mb
2026-01-09_18-58,42,1,imdb,imdb,,1,binary,imdb,400,sk_tfidf_lr,augly,augly_insert_punct,400,400,0.0,1.0,0.13038392352208508,0.4675,0.47,0.0,0.8975,0.9035294117647059,0.4275,0.9035294117647059,0.150218,0.02,,peak_delta_mb; gen+sk_time; n_ok=400
2026-01-09_18-58,42,1,imdb,imdb,lvwerra/distilbert-imdb,1,binary,imdb,400,hf_distilbert,augly,augly_insert_punct,400,400,0.0,1.0,0.13038392352208508,0.4925,0.5,0.49748743718592964,0.9075,0.910411622276029,0.4075,0.41292418509009937,4.061542,16.496,,peak_delta_mb; gen+hf_time; batch_size=32; max_length=256
2026-01-09_18-58,43,2,imdb,imdb,,1,binary,imdb,400,sk_tfidf_lr,augly,augly_insert_punct,400,400,0.0,1.0,0.1284885563708612,0.5225,0.515,0.0,0.8925,0.8883116883116883,0.37749999999999995,0.8883116883116883,0.180451,0.016,,peak_delta_mb; gen+sk_time; n_ok=400
2026-01-09_18-58,43,2,imdb,imdb,lvwerra/distilbert-imdb,1,binary,imdb,400,hf_distilbert,augly,augly_insert_punct,400,400,0.0,1.0,0.1284885563708612,0.5,0.4825,0.4509283819628647,0.9175,0.9133858267716536,0.435,0.46245744480878886,4.609743,5.297,,peak_delta_mb; gen+hf_time; batch_size=32; max_length=256
2026-01-09_18-58,44,3,imdb,imdb,,1,binary,imdb,400,sk_tfidf_lr,augly,augly_insert_punct,400,400,0.0,1.0,0.1287339429753329,0.51,0.53,0.0,0.87,0.8645833333333334,0.33999999999999997,0.8645833333333334,0.14576,0.008,,peak_delta_mb; gen+sk_time; n_ok=400
2026-01-09_18-58,44,3,imdb,imdb,lvwerra/distilbert-imdb,1,binary,imdb,400,hf_distilbert,augly,augly_insert_punct,400,400,0.0,1.0,0.1287339429753329,0.505,0.5275,0.5013192612137203,0.9125,0.9071618037135278,0.385,0.40584254249980756,3.904948,0.008,,peak_delta_mb; gen+hf_time; batch_size=32; max_length=256
2026-01-09_18-58,45,4,imdb,imdb,,1,binary,imdb,400,sk_tfidf_lr,augly,augly_insert_punct,400,400,0.0,1.0,0.12775247528570008,0.4975,0.515,0.0,0.8825,0.8810126582278481,0.36749999999999994,0.8810126582278481,0.150802,0.023,,peak_delta_mb; gen+sk_time; n_ok=400
2026-01-09_18-58,45,4,imdb,imdb,lvwerra/distilbert-imdb,1,binary,imdb,400,hf_distilbert,augly,augly_insert_punct,400,400,0.0,1.0,0.12775247528570008,0.485,0.4875,0.4836272040302267,0.9025,0.8981723237597912,0.415,0.4145451197295645,3.965702,0.027,,peak_delta_mb; gen+hf_time; batch_size=32; max_length=256
2026-01-09_18-58,46,5,imdb,imdb,,1,binary,imdb,400,sk_tfidf_lr,augly,augly_insert_punct,400,400,0.0,1.0,0.12784225054737963,0.4875,0.4975,0.0,0.895,0.896551724137931,0.3975,0.896551724137931,0.184416,0.016,,peak_delta_mb; gen+sk_time; n_ok=400
2026-01-09_18-58,46,5,imdb,imdb,lvwerra/distilbert-imdb,1,binary,imdb,400,hf_distilbert,augly,augly_insert_punct,400,400,0.0,1.0,0.12784225054737963,0.5325,0.515,0.49214659685863876,0.8775,0.8765743073047859,0.36249999999999993,0.38442771044614715,4.210932,4.906,,peak_delta_mb; gen+hf_time; batch_size=32; max_length=256
2026-01-09_18-58,42,1,imdb,imdb,,1,binary,imdb,400,sk_tfidf_lr,augly,augly_insert_zwsp,400,400,0.0,1.0,0.13142195945370821,0.4675,0.47,0.0,0.8975,0.9035294117647059,0.4275,0.9035294117647059,0.171356,0.008,,peak_delta_mb; gen+sk_time; n_ok=400
2026-01-09_18-58,42,1,imdb,imdb,lvwerra/distilbert-imdb,1,binary,imdb,400,hf_distilbert,augly,augly_insert_zwsp,400,400,0.0,1.0,0.13142195945370821,1.0,0.9075,0.910411622276029,0.9075,0.910411622276029,0.0,0.0,3.181984,0.008,,peak_delta_mb; gen+hf_time; batch_size=32; max_length=256
2026-01-09_18-58,43,2,imdb,imdb,,1,binary,imdb,400,sk_tfidf_lr,augly,augly_insert_zwsp,400,400,0.0,1.0,0.12998183382665787,0.5225,0.515,0.0,0.8925,0.8883116883116883,0.37749999999999995,0.8883116883116883,0.1699,0.016,,peak_delta_mb; gen+sk_time; n_ok=400
2026-01-09_18-58,43,2,imdb,imdb,lvwerra/distilbert-imdb,1,binary,imdb,400,hf_distilbert,augly,augly_insert_zwsp,400,400,0.0,1.0,0.12998183382665787,1.0,0.9175,0.9133858267716536,0.9175,0.9133858267716536,0.0,0.0,3.128216,0.016,,peak_delta_mb; gen+hf_time; batch_size=32; max_length=256
2026-01-09_18-58,44,3,imdb,imdb,,1,binary,imdb,400,sk_tfidf_lr,augly,augly_insert_zwsp,400,400,0.0,1.0,0.1292817076577405,0.51,0.53,0.0,0.87,0.8645833333333334,0.33999999999999997,0.8645833333333334,0.169457,0.008,,peak_delta_mb; gen+sk_time; n_ok=400
2026-01-09_18-58,44,3,imdb,imdb,lvwerra/distilbert-imdb,1,binary,imdb,400,hf_distilbert,augly,augly_insert_zwsp,400,400,0.0,1.0,0.1292817076577405,1.0,0.9125,0.9071618037135278,0.9125,0.9071618037135278,0.0,0.0,3.160524,0.008,,peak_delta_mb; gen+hf_time; batch_size=32; max_length=256
2026-01-09_18-58,45,4,imdb,imdb,,1,binary,imdb,400,sk_tfidf_lr,augly,augly_insert_zwsp,400,400,0.0,1.0,0.12909656307610182,0.4975,0.515,0.0,0.8825,0.8810126582278481,0.36749999999999994,0.8810126582278481,0.171122,0.008,,peak_delta_mb; gen+sk_time; n_ok=400
2026-01-09_18-58,45,4,imdb,imdb,lvwerra/distilbert-imdb,1,binary,imdb,400,hf_distilbert,augly,augly_insert_zwsp,400,400,0.0,1.0,0.12909656307610182,1.0,0.9025,0.8981723237597912,0.9025,0.8981723237597912,0.0,0.0,3.342101,0.008,,peak_delta_mb; gen+hf_time; batch_size=32; max_length=256
2026-01-09_18-58,46,5,imdb,imdb,,1,binary,imdb,400,sk_tfidf_lr,augly,augly_insert_zwsp,400,400,0.0,1.0,0.12856665792524524,0.4875,0.4975,0.0,0.895,0.896551724137931,0.3975,0.896551724137931,0.308996,0.016,,peak_delta_mb; gen+sk_time; n_ok=400
2026-01-09_18-58,46,5,imdb,imdb,lvwerra/distilbert-imdb,1,binary,imdb,400,hf_distilbert,augly,augly_insert_zwsp,400,400,0.0,1.0,0.12856665792524524,1.0,0.8775,0.8765743073047859,0.8775,0.8765743073047859,0.0,0.0,3.297164,0.016,,peak_delta_mb; gen+hf_time; batch_size=32; max_length=256
2026-01-09_18-58,42,1,imdb,imdb,,1,binary,imdb,400,sk_tfidf_lr,augly,augly_unicode,400,400,0.0,1.0,0.4058157058546029,0.945,0.8775,0.8836104513064132,0.8975,0.9035294117647059,0.020000000000000018,0.019918960458292667,0.710355,0.172,,peak_delta_mb; gen+sk_time; n_ok=400
2026-01-09_18-58,42,1,imdb,imdb,lvwerra/distilbert-imdb,1,binary,imdb,400,hf_distilbert,augly,augly_unicode,400,400,0.0,1.0,0.4058157058546029,0.8775,0.825,0.8097826086956522,0.9075,0.910411622276029,0.08250000000000002,0.10062901358037679,3.75289,0.223,,peak_delta_mb; gen+hf_time; batch_size=32; max_length=256
2026-01-09_18-58,43,2,imdb,imdb,,1,binary,imdb,400,sk_tfidf_lr,augly,augly_unicode,400,400,0.0,1.0,0.39601840695125945,0.935,0.8625,0.856396866840731,0.8925,0.8883116883116883,0.029999999999999916,0.031914821470957255,1.122348,0.0,,peak_delta_mb; gen+sk_time; n_ok=400
2026-01-09_18-58,43,2,imdb,imdb,lvwerra/distilbert-imdb,1,binary,imdb,400,hf_distilbert,augly,augly_unicode,400,400,0.0,1.0,0.39601840695125945,0.8975,0.84,0.8171428571428572,0.9175,0.9133858267716536,0.07750000000000001,0.09624296962879642,3.952268,0.0,,peak_delta_mb; gen+hf_time; batch_size=32; max_length=256
2026-01-09_18-58,44,3,imdb,imdb,,1,binary,imdb,400,sk_tfidf_lr,augly,augly_unicode,400,400,0.0,1.0,0.4087992271952394,0.9125,0.8375,0.8329048843187661,0.87,0.8645833333333334,0.03249999999999997,0.03167844901456729,0.729646,0.0,,peak_delta_mb; gen+sk_time; n_ok=400
2026-01-09_18-58,44,3,imdb,imdb,lvwerra/distilbert-imdb,1,binary,imdb,400,hf_distilbert,augly,augly_unicode,400,400,0.0,1.0,0.4087992271952394,0.875,0.8225,0.7905604719764012,0.9125,0.9071618037135278,0.08999999999999997,0.11660133173712661,3.584417,0.0,,peak_delta_mb; gen+hf_time; batch_size=32; max_length=256
2026-01-09_18-58,45,4,imdb,imdb,,1,binary,imdb,400,sk_tfidf_lr,augly,augly_unicode,400,400,0.0,1.0,0.38202978061592907,0.905,0.8475,0.8447837150127226,0.8825,0.8810126582278481,0.03499999999999992,0.036228943215125486,1.062524,0.004,,peak_delta_mb; gen+sk_time; n_ok=400
2026-01-09_18-58,45,4,imdb,imdb,lvwerra/distilbert-imdb,1,binary,imdb,400,hf_distilbert,augly,augly_unicode,400,400,0.0,1.0,0.38202978061592907,0.8725,0.835,0.8058823529411765,0.9025,0.8981723237597912,0.0675,0.09228997081861467,3.958688,0.004,,peak_delta_mb; gen+hf_time; batch_size=32; max_length=256
2026-01-09_18-58,46,5,imdb,imdb,,1,binary,imdb,400,sk_tfidf_lr,augly,augly_unicode,400,400,0.0,1.0,0.39765943231773143,0.9175,0.8425,0.8405063291139241,0.895,0.896551724137931,0.05249999999999999,0.05604539502400696,0.715094,0.0,,peak_delta_mb; gen+sk_time; n_ok=400
2026-01-09_18-58,46,5,imdb,imdb,lvwerra/distilbert-imdb,1,binary,imdb,400,hf_distilbert,augly,augly_unicode,400,400,0.0,1.0,0.39765943231773143,0.8575,0.815,0.7848837209302325,0.8775,0.8765743073047859,0.0625,0.0916905863745534,3.616607,0.0,,peak_delta_mb; gen+hf_time; batch_size=32; max_length=256
2026-01-09_18-58,42,1,imdb,imdb,,1,binary,imdb,400,sk_tfidf_lr,augly,augly_insert_whitespace,400,400,0.0,1.0,0.14216616919721103,0.4675,0.47,0.0,0.8975,0.9035294117647059,0.4275,0.9035294117647059,0.149237,0.02,,peak_delta_mb; gen+sk_time; n_ok=400
2026-01-09_18-58,42,1,imdb,imdb,lvwerra/distilbert-imdb,1,binary,imdb,400,hf_distilbert,augly,augly_insert_whitespace,400,400,0.0,1.0,0.14216616919721103,0.6725,0.64,0.5324675324675324,0.9075,0.910411622276029,0.26749999999999996,0.3779440898084966,3.603922,0.02,,peak_delta_mb; gen+hf_time; batch_size=32; max_length=256
2026-01-09_18-58,43,2,imdb,imdb,,1,binary,imdb,400,sk_tfidf_lr,augly,augly_insert_whitespace,400,400,0.0,1.0,0.14218960149126125,0.5225,0.515,0.0,0.8925,0.8883116883116883,0.37749999999999995,0.8883116883116883,0.274341,0.008,,peak_delta_mb; gen+sk_time; n_ok=400
2026-01-09_18-58,43,2,imdb,imdb,lvwerra/distilbert-imdb,1,binary,imdb,400,hf_distilbert,augly,augly_insert_whitespace,400,400,0.0,1.0,0.14218960149126125,0.725,0.6775,0.5567010309278351,0.9175,0.9133858267716536,0.24,0.3566847958438185,3.868763,0.008,,peak_delta_mb; gen+hf_time; batch_size=32; max_length=256
2026-01-09_18-58,44,3,imdb,imdb,,1,binary,imdb,400,sk_tfidf_lr,augly,augly_insert_whitespace,400,400,0.0,1.0,0.13905822573412033,0.51,0.53,0.0,0.87,0.8645833333333334,0.33999999999999997,0.8645833333333334,0.161057,0.008,,peak_delta_mb; gen+sk_time; n_ok=400
2026-01-09_18-58,44,3,imdb,imdb,lvwerra/distilbert-imdb,1,binary,imdb,400,hf_distilbert,augly,augly_insert_whitespace,400,400,0.0,1.0,0.13905822573412033,0.6525,0.625,0.4791666666666667,0.9125,0.9071618037135278,0.2875,0.42799513704686115,3.364724,0.008,,peak_delta_mb; gen+hf_time; batch_size=32; max_length=256
2026-01-09_18-58,45,4,imdb,imdb,,1,binary,imdb,400,sk_tfidf_lr,augly,augly_insert_whitespace,400,400,0.0,1.0,0.13908906586953748,0.4975,0.515,0.0,0.8825,0.8810126582278481,0.36749999999999994,0.8810126582278481,0.265707,0.0,,peak_delta_mb; gen+sk_time; n_ok=400
2026-01-09_18-58,45,4,imdb,imdb,lvwerra/distilbert-imdb,1,binary,imdb,400,hf_distilbert,augly,augly_insert_whitespace,400,400,0.0,1.0,0.13908906586953748,0.725,0.6725,0.5403508771929825,0.9025,0.8981723237597912,0.22999999999999998,0.3578214465668087,3.399856,0.0,,peak_delta_mb; gen+hf_time; batch_size=32; max_length=256
2026-01-09_18-58,46,5,imdb,imdb,,1,binary,imdb,400,sk_tfidf_lr,augly,augly_insert_whitespace,400,400,0.0,1.0,0.138943890936219,0.4875,0.4975,0.0,0.895,0.896551724137931,0.3975,0.896551724137931,0.154907,0.0,,peak_delta_mb; gen+sk_time; n_ok=400
2026-01-09_18-58,46,5,imdb,imdb,lvwerra/distilbert-imdb,1,binary,imdb,400,hf_distilbert,augly,augly_insert_whitespace,400,400,0.0,1.0,0.138943890936219,0.67,0.6425,0.528052805280528,0.8775,0.8765743073047859,0.235,0.3485215020242579,3.710853,0.0,,peak_delta_mb; gen+hf_time; batch_size=32; max_length=256
2026-01-09_18-58,42,1,imdb,imdb,,1,binary,imdb,400,sk_tfidf_lr,checklist,checklist_typos,400,400,0.0,0.975,0.9976831084420454,0.9975,0.9,0.9061032863849765,0.8975,0.9035294117647059,-0.0025000000000000577,-0.0025738746202705887,0.141169,0.0,,peak_delta_mb; gen+sk_time; n_ok=400
2026-01-09_18-58,42,1,imdb,imdb,lvwerra/distilbert-imdb,1,binary,imdb,400,hf_distilbert,checklist,checklist_typos,400,400,0.0,0.975,0.9976831084420454,0.9925,0.9,0.9033816425120773,0.9075,0.910411622276029,0.007499999999999951,0.007029979763951699,2.928814,0.0,,peak_delta_mb; gen+hf_time; batch_size=32; max_length=256
2026-01-09_18-58,43,2,imdb,imdb,,1,binary,imdb,400,sk_tfidf_lr,checklist,checklist_typos,400,400,0.0,0.99,0.9969457137625727,0.9875,0.89,0.8848167539267016,0.8925,0.8883116883116883,0.0024999999999999467,0.0034949343849867143,0.154901,0.0,,peak_delta_mb; gen+sk_time; n_ok=400
2026-01-09_18-58,43,2,imdb,imdb,lvwerra/distilbert-imdb,1,binary,imdb,400,hf_distilbert,checklist,checklist_typos,400,400,0.0,0.99,0.9969457137625727,0.9875,0.91,0.9052631578947369,0.9175,0.9133858267716536,0.007499999999999951,0.008122668876916705,2.94168,0.0,,peak_delta_mb; gen+hf_time; batch_size=32; max_length=256
2026-01-09_18-58,44,3,imdb,imdb,,1,binary,imdb,400,sk_tfidf_lr,checklist,checklist_typos,400,400,0.0,0.98,0.9968793106038385,0.9925,0.8725,0.8675324675324675,0.87,0.8645833333333334,-0.0025000000000000577,-0.002949134199134118,0.140231,0.0,,peak_delta_mb; gen+sk_time; n_ok=400
2026-01-09_18-58,44,3,imdb,imdb,lvwerra/distilbert-imdb,1,binary,imdb,400,hf_distilbert,checklist,checklist_typos,400,400,0.0,0.98,0.9968793106038385,0.9875,0.9,0.8936170212765957,0.9125,0.9071618037135278,0.012499999999999956,0.013544782436932135,3.008902,0.0,,peak_delta_mb; gen+hf_time; batch_size=32; max_length=256
2026-01-09_18-58,45,4,imdb,imdb,,1,binary,imdb,400,sk_tfidf_lr,checklist,checklist_typos,400,400,0.0,0.98,0.9964322521112347,0.9925,0.89,0.8883248730964467,0.8825,0.8810126582278481,-0.007500000000000062,-0.0073122148685985655,0.231995,0.0,,peak_delta_mb; gen+sk_time; n_ok=400
2026-01-09_18-58,45,4,imdb,imdb,lvwerra/distilbert-imdb,1,binary,imdb,400,hf_distilbert,checklist,checklist_typos,400,400,0.0,0.98,0.9964322521112347,0.995,0.9025,0.8987012987012987,0.9025,0.8981723237597912,0.0,-0.0005289749415074985,3.098572,0.0,,peak_delta_mb; gen+hf_time; batch_size=32; max_length=256
2026-01-09_18-58,46,5,imdb,imdb,,1,binary,imdb,400,sk_tfidf_lr,checklist,checklist_typos,400,400,0.0,0.9825,0.99743808118497,0.995,0.89,0.8916256157635468,0.895,0.896551724137931,0.0050000000000000044,0.0049261083743842304,0.146066,0.0,,peak_delta_mb; gen+sk_time; n_ok=400
2026-01-09_18-58,46,5,imdb,imdb,lvwerra/distilbert-imdb,1,binary,imdb,400,hf_distilbert,checklist,checklist_typos,400,400,0.0,0.9825,0.99743808118497,0.99,0.8775,0.8753180661577609,0.8775,0.8765743073047859,0.0,0.00125624114702505,2.990764,0.0,,peak_delta_mb; gen+hf_time; batch_size=32; max_length=256
2026-01-09_18-58,42,1,imdb,imdb,,1,binary,imdb,400,sk_tfidf_lr,textattack,textattack_textfooler,40,32,0.2,0.1875,0.9929318576671998,,0.8125,0.8,1.0,1.0,0.1875,0.19999999999999996,121.727413,0.0,0.1875,peak_delta_mb; N_ATTACK=40; query_budget=200; skipped=8; failed=26; success=6
2026-01-09_18-58,42,1,imdb,imdb,lvwerra/distilbert-imdb,1,binary,imdb,400,hf_distilbert,textattack,textattack_textfooler,10,9,0.1,0.2222222222222222,0.988226813011341,,0.6666666666666666,0.6666666666666666,0.8888888888888888,0.8571428571428571,0.2222222222222222,0.19047619047619047,38.830122,185.074,0.2222222222222222,peak_delta_mb; N_ATTACK=10; query_budget=200; skipped=1; failed=7; success=2; batch_size=32; max_length=256
2026-01-09_18-58,43,2,imdb,imdb,,1,binary,imdb,400,sk_tfidf_lr,textattack,textattack_textfooler,40,34,0.15,0.2647058823529412,0.9897183985539855,,0.7352941176470589,0.7567567567567568,1.0,1.0,0.2647058823529411,0.2432432432432432,126.02863,0.145,0.2647058823529412,peak_delta_mb; N_ATTACK=40; query_budget=200; skipped=6; failed=25; success=9
2026-01-09_18-58,43,2,imdb,imdb,lvwerra/distilbert-imdb,1,binary,imdb,400,hf_distilbert,textattack,textattack_textfooler,10,9,0.1,0.4444444444444444,0.8849241808183774,,0.5555555555555556,0.7142857142857143,1.0,1.0,0.4444444444444444,0.2857142857142857,33.700067,0.938,0.4444444444444444,peak_delta_mb; N_ATTACK=10; query_budget=200; skipped=1; failed=5; success=4; batch_size=32; max_length=256
2026-01-09_18-58,44,3,imdb,imdb,,1,binary,imdb,400,sk_tfidf_lr,textattack,textattack_textfooler,40,32,0.2,0.15625,0.985782430138642,,0.84375,0.8387096774193549,1.0,1.0,0.15625,0.16129032258064513,117.407642,0.039,0.15625,peak_delta_mb; N_ATTACK=40; query_budget=200; skipped=8; failed=27; success=5
2026-01-09_18-58,44,3,imdb,imdb,lvwerra/distilbert-imdb,1,binary,imdb,400,hf_distilbert,textattack,textattack_textfooler,10,10,0.0,0.6,0.9265577097495766,,0.5,0.4444444444444444,1.0,1.0,0.5,0.5555555555555556,31.247389,0.008,0.6,peak_delta_mb; N_ATTACK=10; query_budget=200; skipped=0; failed=4; success=6; batch_size=32; max_length=256
2026-01-09_18-58,45,4,imdb,imdb,,1,binary,imdb,400,sk_tfidf_lr,textattack,textattack_textfooler,40,37,0.075,0.21621621621621623,0.9930457405166335,,0.7837837837837838,0.7333333333333333,1.0,1.0,0.21621621621621623,0.2666666666666667,129.75125,0.004,0.21621621621621623,peak_delta_mb; N_ATTACK=40; query_budget=200; skipped=3; failed=29; success=8
2026-01-09_18-58,45,4,imdb,imdb,lvwerra/distilbert-imdb,1,binary,imdb,400,hf_distilbert,textattack,textattack_textfooler,10,9,0.1,0.2222222222222222,0.9934606888735339,,0.6666666666666666,0.6666666666666666,0.8888888888888888,0.8888888888888888,0.2222222222222222,0.2222222222222222,33.110072,0.004,0.2222222222222222,peak_delta_mb; N_ATTACK=10; query_budget=200; skipped=1; failed=7; success=2; batch_size=32; max_length=256
2026-01-09_18-58,46,5,imdb,imdb,,1,binary,imdb,400,sk_tfidf_lr,textattack,textattack_textfooler,40,37,0.075,0.32432432432432434,0.946615015020536,,0.6756756756756757,0.6470588235294118,1.0,1.0,0.32432432432432434,0.3529411764705882,129.498452,0.027,0.32432432432432434,peak_delta_mb; N_ATTACK=40; query_budget=200; skipped=3; failed=25; success=12
2026-01-09_18-58,46,5,imdb,imdb,lvwerra/distilbert-imdb,1,binary,imdb,400,hf_distilbert,textattack,textattack_textfooler,10,10,0.0,0.4,0.9893633057636917,,0.6,0.6,1.0,1.0,0.4,0.4,34.654078,0.0,0.4,peak_delta_mb; N_ATTACK=10; query_budget=200; skipped=0; failed=6; success=4; batch_size=32; max_length=256
2026-01-09_18-58,42,1,emotion,dair-ai/emotion,,6,macro,dair-ai/emotion,400,sk_tfidf_lr,clean,clean,400,400,0.0,0.0,1.0,1.0,0.825,0.7178904580575879,0.825,0.7178904580575879,0.0,0.0,0.020355939865112305,0.0,,peak_delta_mb
2026-01-09_18-58,42,1,emotion,dair-ai/emotion,transformersbook/distilbert-base-uncased-finetuned-emotion,6,macro,dair-ai/emotion,400,hf_distilbert,clean,clean,400,400,0.0,0.0,1.0,1.0,0.9175,0.9018758103228578,0.9175,0.9018758103228578,0.0,0.0,0.7067346572875977,0.01953125,,batch_size=32; max_length=256; peak_delta_mb
2026-01-09_18-58,43,2,emotion,dair-ai/emotion,,6,macro,dair-ai/emotion,400,sk_tfidf_lr,clean,clean,400,400,0.0,0.0,1.0,1.0,0.8325,0.7223990687941662,0.8325,0.7223990687941662,0.0,0.0,0.021555423736572266,0.0,,peak_delta_mb
2026-01-09_18-58,43,2,emotion,dair-ai/emotion,transformersbook/distilbert-base-uncased-finetuned-emotion,6,macro,dair-ai/emotion,400,hf_distilbert,clean,clean,400,400,0.0,0.0,1.0,1.0,0.9225,0.8790271302322501,0.9225,0.8790271302322501,0.0,0.0,0.5251941680908203,0.0,,batch_size=32; max_length=256; peak_delta_mb
2026-01-09_18-58,44,3,emotion,dair-ai/emotion,,6,macro,dair-ai/emotion,400,sk_tfidf_lr,clean,clean,400,400,0.0,0.0,1.0,1.0,0.785,0.6835673974509001,0.785,0.6835673974509001,0.0,0.0,0.013709783554077148,0.0,,peak_delta_mb
2026-01-09_18-58,44,3,emotion,dair-ai/emotion,transformersbook/distilbert-base-uncased-finetuned-emotion,6,macro,dair-ai/emotion,400,hf_distilbert,clean,clean,400,400,0.0,0.0,1.0,1.0,0.92,0.8970054581163188,0.92,0.8970054581163188,0.0,0.0,0.5937371253967285,0.0,,batch_size=32; max_length=256; peak_delta_mb
2026-01-09_18-58,45,4,emotion,dair-ai/emotion,,6,macro,dair-ai/emotion,400,sk_tfidf_lr,clean,clean,400,400,0.0,0.0,1.0,1.0,0.8075,0.7059596142348147,0.8075,0.7059596142348147,0.0,0.0,0.013219594955444336,0.0,,peak_delta_mb
2026-01-09_18-58,45,4,emotion,dair-ai/emotion,transformersbook/distilbert-base-uncased-finetuned-emotion,6,macro,dair-ai/emotion,400,hf_distilbert,clean,clean,400,400,0.0,0.0,1.0,1.0,0.9075,0.8733095106566496,0.9075,0.8733095106566496,0.0,0.0,0.6013855934143066,0.80859375,,batch_size=32; max_length=256; peak_delta_mb
2026-01-09_18-58,46,5,emotion,dair-ai/emotion,,6,macro,dair-ai/emotion,400,sk_tfidf_lr,clean,clean,400,400,0.0,0.0,1.0,1.0,0.8275,0.7787458205247643,0.8275,0.7787458205247643,0.0,0.0,0.02661919593811035,5.33984375,,peak_delta_mb
2026-01-09_18-58,46,5,emotion,dair-ai/emotion,transformersbook/distilbert-base-uncased-finetuned-emotion,6,macro,dair-ai/emotion,400,hf_distilbert,clean,clean,400,400,0.0,0.0,1.0,1.0,0.9225,0.9077964671181341,0.9225,0.9077964671181341,0.0,0.0,0.6186976432800293,149.74609375,,batch_size=32; max_length=256; peak_delta_mb
2026-01-09_18-58,42,1,emotion,dair-ai/emotion,,6,macro,dair-ai/emotion,400,sk_tfidf_lr,augly,augly_insert_punct,400,400,0.0,1.0,0.4145814791829431,0.47,0.385,0.09265944645006018,0.825,0.7178904580575879,0.43999999999999995,0.6252310116075277,0.044147,4.531,,peak_delta_mb; gen+sk_time; n_ok=400
2026-01-09_18-58,42,1,emotion,dair-ai/emotion,transformersbook/distilbert-base-uncased-finetuned-emotion,6,macro,dair-ai/emotion,400,hf_distilbert,augly,augly_insert_punct,400,400,0.0,1.0,0.4145814791829431,0.3325,0.345,0.09621757973406325,0.9175,0.9018758103228578,0.5725,0.8056582305887945,2.927088,4.531,,peak_delta_mb; gen+hf_time; batch_size=32; max_length=256
2026-01-09_18-58,43,2,emotion,dair-ai/emotion,,6,macro,dair-ai/emotion,400,sk_tfidf_lr,augly,augly_insert_punct,400,400,0.0,1.0,0.41096840961773556,0.4925,0.42,0.09859154929577464,0.8325,0.7223990687941662,0.41250000000000003,0.6238075194983915,0.020183,0.0,,peak_delta_mb; gen+sk_time; n_ok=400
2026-01-09_18-58,43,2,emotion,dair-ai/emotion,transformersbook/distilbert-base-uncased-finetuned-emotion,6,macro,dair-ai/emotion,400,hf_distilbert,augly,augly_insert_punct,400,400,0.0,1.0,0.41096840961773556,0.3525,0.3575,0.09529915458674725,0.9225,0.8790271302322501,0.565,0.7837279756455029,2.917366,0.0,,peak_delta_mb; gen+hf_time; batch_size=32; max_length=256
2026-01-09_18-58,44,3,emotion,dair-ai/emotion,,6,macro,dair-ai/emotion,400,sk_tfidf_lr,augly,augly_insert_punct,400,400,0.0,1.0,0.41068274471074284,0.46,0.355,0.08733087330873308,0.785,0.6835673974509001,0.43000000000000005,0.596236524142167,0.018019,0.0,,peak_delta_mb; gen+sk_time; n_ok=400
2026-01-09_18-58,44,3,emotion,dair-ai/emotion,transformersbook/distilbert-base-uncased-finetuned-emotion,6,macro,dair-ai/emotion,400,hf_distilbert,augly,augly_insert_punct,400,400,0.0,1.0,0.41068274471074284,0.3175,0.3125,0.10233084408237159,0.92,0.8970054581163188,0.6075,0.7946746140339472,3.03391,0.0,,peak_delta_mb; gen+hf_time; batch_size=32; max_length=256
2026-01-09_18-58,45,4,emotion,dair-ai/emotion,,6,macro,dair-ai/emotion,400,sk_tfidf_lr,augly,augly_insert_punct,400,400,0.0,1.0,0.41703404414275497,0.4425,0.3525,0.08687615526802218,0.8075,0.7059596142348147,0.455,0.6190834589667925,0.017353,0.0,,peak_delta_mb; gen+sk_time; n_ok=400
2026-01-09_18-58,45,4,emotion,dair-ai/emotion,transformersbook/distilbert-base-uncased-finetuned-emotion,6,macro,dair-ai/emotion,400,hf_distilbert,augly,augly_insert_punct,400,400,0.0,1.0,0.41703404414275497,0.345,0.3225,0.10506091846298031,0.9075,0.8733095106566496,0.585,0.7682485921936694,2.950137,0.0,,peak_delta_mb; gen+hf_time; batch_size=32; max_length=256
2026-01-09_18-58,46,5,emotion,dair-ai/emotion,,6,macro,dair-ai/emotion,400,sk_tfidf_lr,augly,augly_insert_punct,400,400,0.0,1.0,0.41665073157077115,0.4475,0.365,0.08913308913308914,0.8275,0.7787458205247643,0.4625,0.6896127313916751,0.013735,0.0,,peak_delta_mb; gen+sk_time; n_ok=400
2026-01-09_18-58,46,5,emotion,dair-ai/emotion,transformersbook/distilbert-base-uncased-finetuned-emotion,6,macro,dair-ai/emotion,400,hf_distilbert,augly,augly_insert_punct,400,400,0.0,1.0,0.41665073157077115,0.3125,0.3125,0.09659133288580592,0.9225,0.9077964671181341,0.61,0.8112051342323282,2.988214,0.0,,peak_delta_mb; gen+hf_time; batch_size=32; max_length=256
2026-01-09_18-58,42,1,emotion,dair-ai/emotion,,6,macro,dair-ai/emotion,400,sk_tfidf_lr,augly,augly_insert_zwsp,400,400,0.0,1.0,0.43955197826931536,0.47,0.385,0.09265944645006018,0.825,0.7178904580575879,0.43999999999999995,0.6252310116075277,0.016337,0.0,,peak_delta_mb; gen+sk_time; n_ok=400
2026-01-09_18-58,42,1,emotion,dair-ai/emotion,transformersbook/distilbert-base-uncased-finetuned-emotion,6,macro,dair-ai/emotion,400,hf_distilbert,augly,augly_insert_zwsp,400,400,0.0,1.0,0.43955197826931536,1.0,0.9175,0.9018758103228578,0.9175,0.9018758103228578,0.0,0.0,0.647116,0.0,,peak_delta_mb; gen+hf_time; batch_size=32; max_length=256
2026-01-09_18-58,43,2,emotion,dair-ai/emotion,,6,macro,dair-ai/emotion,400,sk_tfidf_lr,augly,augly_insert_zwsp,400,400,0.0,1.0,0.441288856254562,0.4925,0.42,0.09859154929577464,0.8325,0.7223990687941662,0.41250000000000003,0.6238075194983915,0.015359,0.0,,peak_delta_mb; gen+sk_time; n_ok=400
2026-01-09_18-58,43,2,emotion,dair-ai/emotion,transformersbook/distilbert-base-uncased-finetuned-emotion,6,macro,dair-ai/emotion,400,hf_distilbert,augly,augly_insert_zwsp,400,400,0.0,1.0,0.441288856254562,1.0,0.9225,0.8790271302322501,0.9225,0.8790271302322501,0.0,0.0,0.549457,0.0,,peak_delta_mb; gen+hf_time; batch_size=32; max_length=256
2026-01-09_18-58,44,3,emotion,dair-ai/emotion,,6,macro,dair-ai/emotion,400,sk_tfidf_lr,augly,augly_insert_zwsp,400,400,0.0,1.0,0.4239897142170241,0.46,0.355,0.08733087330873308,0.785,0.6835673974509001,0.43000000000000005,0.596236524142167,0.020914,0.0,,peak_delta_mb; gen+sk_time; n_ok=400
2026-01-09_18-58,44,3,emotion,dair-ai/emotion,transformersbook/distilbert-base-uncased-finetuned-emotion,6,macro,dair-ai/emotion,400,hf_distilbert,augly,augly_insert_zwsp,400,400,0.0,1.0,0.4239897142170241,1.0,0.92,0.8970054581163188,0.92,0.8970054581163188,0.0,0.0,0.652438,0.0,,peak_delta_mb; gen+hf_time; batch_size=32; max_length=256
2026-01-09_18-58,45,4,emotion,dair-ai/emotion,,6,macro,dair-ai/emotion,400,sk_tfidf_lr,augly,augly_insert_zwsp,400,400,0.0,1.0,0.44834381799147016,0.4425,0.3525,0.08687615526802218,0.8075,0.7059596142348147,0.455,0.6190834589667925,0.028325,0.0,,peak_delta_mb; gen+sk_time; n_ok=400
2026-01-09_18-58,45,4,emotion,dair-ai/emotion,transformersbook/distilbert-base-uncased-finetuned-emotion,6,macro,dair-ai/emotion,400,hf_distilbert,augly,augly_insert_zwsp,400,400,0.0,1.0,0.44834381799147016,1.0,0.9075,0.8733095106566496,0.9075,0.8733095106566496,0.0,0.0,0.65802,0.0,,peak_delta_mb; gen+hf_time; batch_size=32; max_length=256
2026-01-09_18-58,46,5,emotion,dair-ai/emotion,,6,macro,dair-ai/emotion,400,sk_tfidf_lr,augly,augly_insert_zwsp,400,400,0.0,1.0,0.44947562854962103,0.4475,0.365,0.08913308913308914,0.8275,0.7787458205247643,0.4625,0.6896127313916751,0.022162,0.0,,peak_delta_mb; gen+sk_time; n_ok=400
2026-01-09_18-58,46,5,emotion,dair-ai/emotion,transformersbook/distilbert-base-uncased-finetuned-emotion,6,macro,dair-ai/emotion,400,hf_distilbert,augly,augly_insert_zwsp,400,400,0.0,1.0,0.44947562854962103,1.0,0.9225,0.9077964671181341,0.9225,0.9077964671181341,0.0,0.0,0.605572,0.0,,peak_delta_mb; gen+hf_time; batch_size=32; max_length=256
2026-01-09_18-58,42,1,emotion,dair-ai/emotion,,6,macro,dair-ai/emotion,400,sk_tfidf_lr,augly,augly_unicode,400,400,0.0,1.0,0.8457699862739483,0.755,0.6875,0.5765845486498343,0.825,0.7178904580575879,0.13749999999999996,0.14130590940775356,0.11503,0.0,,peak_delta_mb; gen+sk_time; n_ok=400
2026-01-09_18-58,42,1,emotion,dair-ai/emotion,transformersbook/distilbert-base-uncased-finetuned-emotion,6,macro,dair-ai/emotion,400,hf_distilbert,augly,augly_unicode,400,400,0.0,1.0,0.8457699862739483,0.76,0.715,0.6587811998802712,0.9175,0.9018758103228578,0.2025,0.24309461044258662,0.813836,0.0,,peak_delta_mb; gen+hf_time; batch_size=32; max_length=256
2026-01-09_18-58,43,2,emotion,dair-ai/emotion,,6,macro,dair-ai/emotion,400,sk_tfidf_lr,augly,augly_unicode,400,400,0.0,1.0,0.8459038146778988,0.8,0.72,0.6004661300272088,0.8325,0.7223990687941662,0.11250000000000004,0.12193293876695732,0.114163,0.0,,peak_delta_mb; gen+sk_time; n_ok=400
2026-01-09_18-58,43,2,emotion,dair-ai/emotion,transformersbook/distilbert-base-uncased-finetuned-emotion,6,macro,dair-ai/emotion,400,hf_distilbert,augly,augly_unicode,400,400,0.0,1.0,0.8459038146778988,0.77,0.7425,0.6564832119943055,0.9225,0.8790271302322501,0.17999999999999994,0.22254391823794462,0.717783,0.0,,peak_delta_mb; gen+hf_time; batch_size=32; max_length=256
2026-01-09_18-58,44,3,emotion,dair-ai/emotion,,6,macro,dair-ai/emotion,400,sk_tfidf_lr,augly,augly_unicode,400,400,0.0,1.0,0.8431942547113899,0.7675,0.655,0.5741460828874961,0.785,0.6835673974509001,0.13,0.10942131456340398,0.118716,0.0,,peak_delta_mb; gen+sk_time; n_ok=400
2026-01-09_18-58,44,3,emotion,dair-ai/emotion,transformersbook/distilbert-base-uncased-finetuned-emotion,6,macro,dair-ai/emotion,400,hf_distilbert,augly,augly_unicode,400,400,0.0,1.0,0.8431942547113899,0.77,0.72,0.6926587190632166,0.92,0.8970054581163188,0.20000000000000007,0.2043467390531022,0.766072,0.0,,peak_delta_mb; gen+hf_time; batch_size=32; max_length=256
2026-01-09_18-58,45,4,emotion,dair-ai/emotion,,6,macro,dair-ai/emotion,400,sk_tfidf_lr,augly,augly_unicode,400,400,0.0,1.0,0.846322290960436,0.765,0.7,0.6437830796378244,0.8075,0.7059596142348147,0.10750000000000004,0.06217653459699024,0.114847,0.0,,peak_delta_mb; gen+sk_time; n_ok=400
2026-01-09_18-58,45,4,emotion,dair-ai/emotion,transformersbook/distilbert-base-uncased-finetuned-emotion,6,macro,dair-ai/emotion,400,hf_distilbert,augly,augly_unicode,400,400,0.0,1.0,0.846322290960436,0.745,0.7425,0.6975395677676128,0.9075,0.8733095106566496,0.16499999999999992,0.1757699428890368,0.764672,0.0,,peak_delta_mb; gen+hf_time; batch_size=32; max_length=256
2026-01-09_18-58,46,5,emotion,dair-ai/emotion,,6,macro,dair-ai/emotion,400,sk_tfidf_lr,augly,augly_unicode,400,400,0.0,1.0,0.8432160199836352,0.7275,0.6975,0.6620469102246392,0.8275,0.7787458205247643,0.13,0.11669891030012502,0.111995,0.0,,peak_delta_mb; gen+sk_time; n_ok=400
2026-01-09_18-58,46,5,emotion,dair-ai/emotion,transformersbook/distilbert-base-uncased-finetuned-emotion,6,macro,dair-ai/emotion,400,hf_distilbert,augly,augly_unicode,400,400,0.0,1.0,0.8432160199836352,0.735,0.7125,0.6965862210832038,0.9225,0.9077964671181341,0.20999999999999996,0.21121024603493033,0.788927,0.0,,peak_delta_mb; gen+hf_time; batch_size=32; max_length=256
2026-01-09_18-58,42,1,emotion,dair-ai/emotion,,6,macro,dair-ai/emotion,400,sk_tfidf_lr,augly,augly_insert_whitespace,400,400,0.0,1.0,0.42783746342933987,0.47,0.385,0.09265944645006018,0.825,0.7178904580575879,0.43999999999999995,0.6252310116075277,0.014957,0.0,,peak_delta_mb; gen+sk_time; n_ok=400
2026-01-09_18-58,42,1,emotion,dair-ai/emotion,transformersbook/distilbert-base-uncased-finetuned-emotion,6,macro,dair-ai/emotion,400,hf_distilbert,augly,augly_insert_whitespace,400,400,0.0,1.0,0.42783746342933987,0.6025,0.575,0.5391028993365082,0.9175,0.9018758103228578,0.3425,0.36277291098634956,2.070506,0.0,,peak_delta_mb; gen+hf_time; batch_size=32; max_length=256
2026-01-09_18-58,43,2,emotion,dair-ai/emotion,,6,macro,dair-ai/emotion,400,sk_tfidf_lr,augly,augly_insert_whitespace,400,400,0.0,1.0,0.4330487769851701,0.4925,0.42,0.09859154929577464,0.8325,0.7223990687941662,0.41250000000000003,0.6238075194983915,0.015065,0.0,,peak_delta_mb; gen+sk_time; n_ok=400
2026-01-09_18-58,43,2,emotion,dair-ai/emotion,transformersbook/distilbert-base-uncased-finetuned-emotion,6,macro,dair-ai/emotion,400,hf_distilbert,augly,augly_insert_whitespace,400,400,0.0,1.0,0.4330487769851701,0.605,0.5825,0.4626247355924777,0.9225,0.8790271302322501,0.33999999999999997,0.4164023946397724,2.015695,0.0,,peak_delta_mb; gen+hf_time; batch_size=32; max_length=256
2026-01-09_18-58,44,3,emotion,dair-ai/emotion,,6,macro,dair-ai/emotion,400,sk_tfidf_lr,augly,augly_insert_whitespace,400,400,0.0,1.0,0.4101180813366749,0.46,0.355,0.08733087330873308,0.785,0.6835673974509001,0.43000000000000005,0.596236524142167,0.025151,0.0,,peak_delta_mb; gen+sk_time; n_ok=400
2026-01-09_18-58,44,3,emotion,dair-ai/emotion,transformersbook/distilbert-base-uncased-finetuned-emotion,6,macro,dair-ai/emotion,400,hf_distilbert,augly,augly_insert_whitespace,400,400,0.0,1.0,0.4101180813366749,0.57,0.5475,0.47515795916979364,0.92,0.8970054581163188,0.37250000000000005,0.4218474989465252,2.181361,0.0,,peak_delta_mb; gen+hf_time; batch_size=32; max_length=256
2026-01-09_18-58,45,4,emotion,dair-ai/emotion,,6,macro,dair-ai/emotion,400,sk_tfidf_lr,augly,augly_insert_whitespace,400,400,0.0,1.0,0.4244640887956084,0.4425,0.3525,0.08687615526802218,0.8075,0.7059596142348147,0.455,0.6190834589667925,0.014287,0.0,,peak_delta_mb; gen+sk_time; n_ok=400
2026-01-09_18-58,45,4,emotion,dair-ai/emotion,transformersbook/distilbert-base-uncased-finetuned-emotion,6,macro,dair-ai/emotion,400,hf_distilbert,augly,augly_insert_whitespace,400,400,0.0,1.0,0.4244640887956084,0.5275,0.485,0.3469269266359258,0.9075,0.8733095106566496,0.4225,0.5263825840207239,2.168818,0.0,,peak_delta_mb; gen+hf_time; batch_size=32; max_length=256
2026-01-09_18-58,46,5,emotion,dair-ai/emotion,,6,macro,dair-ai/emotion,400,sk_tfidf_lr,augly,augly_insert_whitespace,400,400,0.0,1.0,0.43137063596301994,0.4475,0.365,0.08913308913308914,0.8275,0.7787458205247643,0.4625,0.6896127313916751,0.014048,0.0,,peak_delta_mb; gen+sk_time; n_ok=400
2026-01-09_18-58,46,5,emotion,dair-ai/emotion,transformersbook/distilbert-base-uncased-finetuned-emotion,6,macro,dair-ai/emotion,400,hf_distilbert,augly,augly_insert_whitespace,400,400,0.0,1.0,0.43137063596301994,0.5675,0.555,0.4812504126229616,0.9225,0.9077964671181341,0.36749999999999994,0.4265460544951725,2.026243,0.0,,peak_delta_mb; gen+hf_time; batch_size=32; max_length=256
2026-01-09_18-58,42,1,emotion,dair-ai/emotion,,6,macro,dair-ai/emotion,400,sk_tfidf_lr,checklist,checklist_typos,400,400,0.0,0.955,0.9843571529143439,0.9,0.7775,0.6879785665444782,0.825,0.7178904580575879,0.04749999999999999,0.02991189151310969,0.022369,0.0,,peak_delta_mb; gen+sk_time; n_ok=400
2026-01-09_18-58,42,1,emotion,dair-ai/emotion,transformersbook/distilbert-base-uncased-finetuned-emotion,6,macro,dair-ai/emotion,400,hf_distilbert,checklist,checklist_typos,400,400,0.0,0.955,0.9843571529143439,0.9125,0.8475,0.8300113443823626,0.9175,0.9018758103228578,0.06999999999999995,0.07186446594049523,0.631925,0.0,,peak_delta_mb; gen+hf_time; batch_size=32; max_length=256
2026-01-09_18-58,43,2,emotion,dair-ai/emotion,,6,macro,dair-ai/emotion,400,sk_tfidf_lr,checklist,checklist_typos,400,400,0.0,0.9725,0.9851257089493505,0.9075,0.77,0.6633742196838698,0.8325,0.7223990687941662,0.0625,0.059024849110296373,0.024479,0.0,,peak_delta_mb; gen+sk_time; n_ok=400
2026-01-09_18-58,43,2,emotion,dair-ai/emotion,transformersbook/distilbert-base-uncased-finetuned-emotion,6,macro,dair-ai/emotion,400,hf_distilbert,checklist,checklist_typos,400,400,0.0,0.9725,0.9851257089493505,0.93,0.87,0.8364613645834272,0.9225,0.8790271302322501,0.05249999999999999,0.04256576564882286,0.559355,0.0,,peak_delta_mb; gen+hf_time; batch_size=32; max_length=256
2026-01-09_18-58,44,3,emotion,dair-ai/emotion,,6,macro,dair-ai/emotion,400,sk_tfidf_lr,checklist,checklist_typos,400,400,0.0,0.9625,0.9858467916539908,0.9125,0.745,0.6566634467897816,0.785,0.6835673974509001,0.040000000000000036,0.026903950661118503,0.02095,0.0,,peak_delta_mb; gen+sk_time; n_ok=400
2026-01-09_18-58,44,3,emotion,dair-ai/emotion,transformersbook/distilbert-base-uncased-finetuned-emotion,6,macro,dair-ai/emotion,400,hf_distilbert,checklist,checklist_typos,400,400,0.0,0.9625,0.9858467916539908,0.915,0.8625,0.8496524520004934,0.92,0.8970054581163188,0.057499999999999996,0.04735300611582538,0.63152,0.0,,peak_delta_mb; gen+hf_time; batch_size=32; max_length=256
2026-01-09_18-58,45,4,emotion,dair-ai/emotion,,6,macro,dair-ai/emotion,400,sk_tfidf_lr,checklist,checklist_typos,400,400,0.0,0.9725,0.9847241762621255,0.895,0.7475,0.656330948023926,0.8075,0.7059596142348147,0.05999999999999994,0.04962866621088868,0.022019,0.0,,peak_delta_mb; gen+sk_time; n_ok=400
2026-01-09_18-58,45,4,emotion,dair-ai/emotion,transformersbook/distilbert-base-uncased-finetuned-emotion,6,macro,dair-ai/emotion,400,hf_distilbert,checklist,checklist_typos,400,400,0.0,0.9725,0.9847241762621255,0.9075,0.855,0.8202349510102463,0.9075,0.8733095106566496,0.05249999999999999,0.053074559646403285,0.610574,0.0,,peak_delta_mb; gen+hf_time; batch_size=32; max_length=256
2026-01-09_18-58,46,5,emotion,dair-ai/emotion,,6,macro,dair-ai/emotion,400,sk_tfidf_lr,checklist,checklist_typos,400,400,0.0,0.965,0.9847952980495565,0.895,0.75,0.6907021550965098,0.8275,0.7787458205247643,0.07750000000000001,0.08804366542825448,0.020029,0.0,,peak_delta_mb; gen+sk_time; n_ok=400
2026-01-09_18-58,46,5,emotion,dair-ai/emotion,transformersbook/distilbert-base-uncased-finetuned-emotion,6,macro,dair-ai/emotion,400,hf_distilbert,checklist,checklist_typos,400,400,0.0,0.965,0.9847952980495565,0.88,0.84,0.8183524987826235,0.9225,0.9077964671181341,0.08250000000000002,0.0894439683355106,0.584284,0.0,,peak_delta_mb; gen+hf_time; batch_size=32; max_length=256
2026-01-09_18-58,42,1,emotion,dair-ai/emotion,,6,macro,dair-ai/emotion,400,sk_tfidf_lr,textattack,textattack_textfooler,40,35,0.125,1.0,0.8879586384930205,,0.0,0.0,1.0,1.0,1.0,1.0,53.908189,267.645,1.0,peak_delta_mb; N_ATTACK=40; query_budget=200; skipped=5; failed=0; success=35
2026-01-09_18-58,42,1,emotion,dair-ai/emotion,transformersbook/distilbert-base-uncased-finetuned-emotion,6,macro,dair-ai/emotion,400,hf_distilbert,textattack,textattack_textfooler,10,9,0.1,1.0,0.9430467129949679,,0.0,0.0,1.0,1.0,1.0,1.0,11.406743,432.57,1.0,peak_delta_mb; N_ATTACK=10; query_budget=200; skipped=1; failed=0; success=9; batch_size=32; max_length=256
2026-01-09_18-58,43,2,emotion,dair-ai/emotion,,6,macro,dair-ai/emotion,400,sk_tfidf_lr,textattack,textattack_textfooler,40,37,0.075,0.9459459459459459,0.911612739901716,,0.05405405405405406,0.022657450076804916,1.0,1.0,0.9459459459459459,0.9773425499231951,50.844797,1.461,0.9459459459459459,peak_delta_mb; N_ATTACK=40; query_budget=200; skipped=3; failed=2; success=35
2026-01-09_18-58,43,2,emotion,dair-ai/emotion,transformersbook/distilbert-base-uncased-finetuned-emotion,6,macro,dair-ai/emotion,400,hf_distilbert,textattack,textattack_textfooler,10,10,0.0,1.0,0.8945325996918528,,0.0,0.0,1.0,1.0,1.0,1.0,8.038556,0.016,1.0,peak_delta_mb; N_ATTACK=10; query_budget=200; skipped=0; failed=0; success=10; batch_size=32; max_length=256
2026-01-09_18-58,44,3,emotion,dair-ai/emotion,,6,macro,dair-ai/emotion,400,sk_tfidf_lr,textattack,textattack_textfooler,40,30,0.25,1.0,0.8857316361740671,,0.0,0.0,1.0,1.0,1.0,1.0,36.67571,0.168,1.0,peak_delta_mb; N_ATTACK=40; query_budget=200; skipped=10; failed=0; success=30
2026-01-09_18-58,44,3,emotion,dair-ai/emotion,transformersbook/distilbert-base-uncased-finetuned-emotion,6,macro,dair-ai/emotion,400,hf_distilbert,textattack,textattack_textfooler,10,8,0.2,1.0,0.9130067420290828,,0.0,0.0,1.0,1.0,1.0,1.0,6.165322,0.184,1.0,peak_delta_mb; N_ATTACK=10; query_budget=200; skipped=2; failed=0; success=8; batch_size=32; max_length=256
2026-01-09_18-58,45,4,emotion,dair-ai/emotion,,6,macro,dair-ai/emotion,400,sk_tfidf_lr,textattack,textattack_textfooler,40,34,0.15,0.9705882352941176,0.8534777846935944,,0.029411764705882353,0.017391304347826087,1.0,1.0,0.9705882352941176,0.9826086956521739,50.348869,0.043,0.9705882352941176,peak_delta_mb; N_ATTACK=40; query_budget=200; skipped=6; failed=1; success=33
2026-01-09_18-58,45,4,emotion,dair-ai/emotion,transformersbook/distilbert-base-uncased-finetuned-emotion,6,macro,dair-ai/emotion,400,hf_distilbert,textattack,textattack_textfooler,10,6,0.4,1.0,0.8793950765707228,,0.0,0.0,1.0,1.0,1.0,1.0,4.553969,0.0,1.0,peak_delta_mb; N_ATTACK=10; query_budget=200; skipped=4; failed=0; success=6; batch_size=32; max_length=256
2026-01-09_18-58,46,5,emotion,dair-ai/emotion,,6,macro,dair-ai/emotion,400,sk_tfidf_lr,textattack,textattack_textfooler,40,32,0.2,0.9375,0.9074834816837675,,0.0625,0.02857142857142857,1.0,1.0,0.9375,0.9714285714285714,40.140453,0.02,0.9375,peak_delta_mb; N_ATTACK=40; query_budget=200; skipped=8; failed=2; success=30
2026-01-09_18-58,46,5,emotion,dair-ai/emotion,transformersbook/distilbert-base-uncased-finetuned-emotion,6,macro,dair-ai/emotion,400,hf_distilbert,textattack,textattack_textfooler,10,10,0.0,1.0,0.8914962842609502,,0.0,0.0,1.0,1.0,1.0,1.0,7.861928,0.0,1.0,peak_delta_mb; N_ATTACK=10; query_budget=200; skipped=0; failed=0; success=10; batch_size=32; max_length=256
